Title Number,Title Name
Title 1,Write
Title 2,Practice
Title 3,Premium
Title 4,Jobs
Title 5,C++ Program to Remove the Leading Zeros
Title 6,Scatter Plot in Matplotlib
Title 7,The ultimate introduction to Pygame
Title 8,Python program to Print Odd Numbers in a List
Title 9,Weiler Atherton Polygon Clipping Algorithm in Computer Graphics
Title 10,C++ program to find the perimeter and area of triangle
Title 11,Spring Dependency Injection with Example
Title 12,C++ Program to Return Maximum occurring Character in an Input String
Title 13,Delete Node Operation in Binary Search Tree (BST)
Title 14,Check if a given sequence of moves for a robot is circular or not
Title 15,jQWidgets jqxTreeGrid rendering Property
Title 16,jQWidgets jqxTreeGrid rendered Property
Title 17,jQWidgets jqxTreeGrid pagerRenderer Property
Title 18,Ember.js EmberArray mapBy() Method
Title 19,Ember.js EmberArray objectAt() Method
Title 20,jQWidgets jqxQRcode invalid Event
Title 21,jQWidgets jqxQRcode isValid() Method
Title 22,jQWidgets jqxQRcode getDataURLAsync() Method
Title 23,How to Create a Survival Curve in Excel?
Title 24,jQWidgets jqxQRcode getDataURL() Method
Title 25,Ember.js Ember.NativeArray firstObject Property
Title 26,jQWidgets jqxQRcode export() Method
Title 27,Global Analytic Recruitment Process
Title 28,Ember.js Ember.NativeArray lastObject Property
Title 29,Software Engineers Career Path – Salary and Promotion
Title 30,Data Structures & Algorithms- Self Paced Course
Title 31,Complete Interview Preparation- Self Paced Course
Title 32,"Practice Problems, POTD Streak, Weekly Contests & More!"
